id,first_name,last_name,email,gender,ip_address
1,Dunstan,Wimlett,dwimlett0@youku.com,Male,107.170.72.172
2,Josiah,Belchamp,jbelchamp1@t-online.de,Male,66.250.125.37
3,Keelby,Martensen,kmartensen2@cpanel.net,Male,197.17.193.121
4,Annis,Koppelmann,akoppelmann3@si.edu,Female,142.31.217.73
5,Grissel,Dalli,gdalli4@nationalgeographic.com,Female,172.74.43.192
6,Myron,Bertolin,mbertolin5@mail.ru,Male,133.173.116.235
7,Scott,Goman,sgoman6@nasa.gov,Male,101.77.83.30
8,Nathanial,Pocknell,npocknell7@ibm.com,Male,239.133.159.18
9,Britt,Yellowley,byellowley8@symantec.com,Female,185.2.45.124
10,Sumner,Ruter,sruter9@deviantart.com,Male,132.30.35.250
11,Garnette,Averill,gaverilla@gnu.org,Female,211.103.95.194
12,Noell,Lambird,nlambirdb@economist.com,Female,36.109.154.167
13,Charmane,Graffin,cgraffinc@geocities.jp,Female,233.197.220.14
14,Mannie,Schaumaker,mschaumakerd@scientificamerican.com,Male,143.250.199.160
15,Marie-jeanne,Hanshawe,mhanshawee@sohu.com,Female,116.50.78.207
16,Hube,Roizin,hroizinf@google.com.au,Male,215.98.241.166
17,Archie,de Savery,adesaveryg@123-reg.co.uk,Male,152.31.76.143
18,Kacey,Baudasso,kbaudassoh@nyu.edu,Female,213.61.92.250
19,Alfredo,Lettice,aletticei@msn.com,Male,68.101.58.190
20,King,Krinks,kkrinksj@phoca.cz,Male,79.251.71.113
21,Stefano,Ewing,sewingk@example.com,Male,29.141.9.53
22,Paxton,Brunke,pbrunkel@economist.com,Male,91.155.9.216
23,Elke,Lauks,elauksm@comsenz.com,Female,195.121.137.91
24,Theresina,Abramski,tabramskin@mozilla.org,Female,61.100.8.232
25,Caldwell,Smithson,csmithsono@cnbc.com,Male,27.176.234.94
26,Gordon,Shepherd,gshepherdp@deviantart.com,Male,16.67.155.173
27,Grete,Gooderson,ggoodersonq@lycos.com,Female,121.56.246.231
28,Tyson,Reasce,treascer@ycombinator.com,Male,125.148.238.249
29,Clementine,Redrup,credrups@gov.uk,Female,67.149.4.95
30,Raffarty,Hollerin,rhollerint@phoca.cz,Male,129.223.134.251
31,Terencio,Ellsbury,tellsburyu@youtu.be,Male,87.215.41.36
32,Bobby,Skipworth,bskipworthv@army.mil,Female,2.151.122.136
33,Nicol,Rotherforth,nrotherforthw@senate.gov,Female,8.231.82.103
34,Oliy,Purkess,opurkessx@123-reg.co.uk,Female,13.136.187.93
35,Titos,Skermer,tskermery@1und1.de,Male,194.44.130.146
36,Kaitlynn,Clappson,kclappsonz@imgur.com,Female,199.171.48.107
37,Maddalena,Colby,mcolby10@skype.com,Female,3.16.219.200
38,Delila,Poulsom,dpoulsom11@businessinsider.com,Female,222.253.170.109
39,Cassey,Dammarell,cdammarell12@bandcamp.com,Female,165.4.73.210
40,Ralph,Klebes,rklebes13@washington.edu,Male,132.32.193.205
41,Katey,Pavlenko,kpavlenko14@yahoo.com,Female,120.50.129.30
42,Stormy,Stride,sstride15@loc.gov,Female,148.217.192.54
43,Sasha,Gribbin,sgribbin16@rakuten.co.jp,Male,147.245.236.245
44,Farrel,Wimpenny,fwimpenny17@usgs.gov,Male,249.194.214.6
45,Bryana,Ludwikiewicz,bludwikiewicz18@imgur.com,Female,13.14.120.12
46,Jordain,Mepsted,jmepsted19@free.fr,Female,189.58.203.201
47,Tab,Ainsworth,tainsworth1a@google.com.hk,Male,224.88.1.16
48,Hube,McCaughen,hmccaughen1b@weebly.com,Male,92.182.1.225
49,Vida,Tring,vtring1c@bigcartel.com,Female,217.160.237.37
50,Guy,Lindop,glindop1d@360.cn,Male,248.235.43.206
51,Tripp,Tewkesberrie,ttewkesberrie1e@mozilla.org,Male,1.32.252.20
52,Orsa,Cowe,ocowe1f@uiuc.edu,Female,13.215.202.101
53,Skippy,Alan,salan1g@google.cn,Male,77.71.34.113
54,Gorden,Seager,gseager1h@baidu.com,Male,120.82.99.56
55,Lavinia,Dowyer,ldowyer1i@sphinn.com,Female,49.85.85.136
56,Nickie,Hotton,nhotton1j@cbslocal.com,Male,78.181.18.188
57,Cob,McKerrow,cmckerrow1k@sakura.ne.jp,Male,142.41.221.82
58,Nadeen,Rajchert,nrajchert1l@paginegialle.it,Female,97.219.178.56
59,Briant,Polson,bpolson1m@multiply.com,Male,135.45.75.166
60,Fleming,Tendahl,ftendahl1n@sfgate.com,Male,91.37.197.90
61,Kahaleel,Shippey,kshippey1o@webs.com,Male,131.214.10.49
62,Sandi,Duprey,sduprey1p@nbcnews.com,Female,183.34.137.175
63,Sharline,Tante,stante1q@wiley.com,Female,98.63.24.191
64,Denise,Fitzsymon,dfitzsymon1r@smh.com.au,Female,48.25.152.58
65,Linc,Demogeot,ldemogeot1s@imdb.com,Male,17.115.10.193
66,Pren,Burren,pburren1t@hubpages.com,Male,12.112.75.115
67,Rosemonde,Hullot,rhullot1u@adobe.com,Female,236.242.221.227
68,Belita,Knotte,bknotte1v@barnesandnoble.com,Female,33.215.67.78
69,Hayes,Lindfors,hlindfors1w@csmonitor.com,Male,253.171.38.33
70,Fania,Sample,fsample1x@soundcloud.com,Female,183.74.254.35
71,Demetris,Labat,dlabat1y@earthlink.net,Female,206.13.12.16
72,Zaccaria,Goodson,zgoodson1z@histats.com,Male,178.63.140.136
73,Kearney,Palatino,kpalatino20@indiegogo.com,Male,56.171.45.101
74,Eloise,Rugge,erugge21@ibm.com,Female,216.100.42.34
75,Tiebout,Mansfield,tmansfield22@nhs.uk,Male,70.138.123.248
76,Renata,Wanell,rwanell23@mac.com,Female,20.58.82.68
77,Mavis,Marians,mmarians24@qq.com,Female,171.211.29.184
78,Davita,Colomb,dcolomb25@chicagotribune.com,Female,219.106.182.12
79,Pierson,Sprowles,psprowles26@irs.gov,Male,73.155.17.227
80,Freddy,Llewellyn,fllewellyn27@dailymotion.com,Male,206.192.100.91
81,Dodie,Lowndes,dlowndes28@microsoft.com,Female,109.182.109.106
82,Darcy,Eddowes,deddowes29@yolasite.com,Male,181.41.252.157
83,Yetta,Bulfoy,ybulfoy2a@lycos.com,Female,133.77.84.31
84,Sigismundo,Crowdace,scrowdace2b@sphinn.com,Male,195.172.167.236
85,Dena,Philipsohn,dphilipsohn2c@java.com,Female,238.19.49.43
86,Bond,Oliphand,boliphand2d@1und1.de,Male,114.90.15.134
87,Joby,Tchaikovsky,jtchaikovsky2e@digg.com,Female,43.119.61.208
88,Chalmers,Semkins,csemkins2f@biblegateway.com,Male,172.129.158.9
89,Elden,Kingzet,ekingzet2g@ow.ly,Male,195.190.191.96
90,Shari,Nerval,snerval2h@meetup.com,Female,181.91.68.148
91,Bev,Lyver,blyver2i@imdb.com,Male,5.206.154.124
92,Fairlie,Mozzini,fmozzini2j@barnesandnoble.com,Male,237.184.54.153
93,Bruis,Sabin,bsabin2k@chronoengine.com,Male,117.155.181.84
94,Val,St. Pierre,vstpierre2l@aol.com,Male,185.14.136.188
95,Fernando,Delcastel,fdelcastel2m@twitter.com,Male,112.104.87.56
96,Aggie,Jollands,ajollands2n@bbb.org,Female,83.75.60.139
97,Osbourne,Odom,oodom2o@timesonline.co.uk,Male,9.236.57.107
98,Otha,Shiels,oshiels2p@go.com,Female,221.155.243.27
99,Rey,O'Loghlen,rologhlen2q@weibo.com,Female,90.11.196.163
100,Hurleigh,Frenzl,hfrenzl2r@pagesperso-orange.fr,Male,21.100.142.131
101,Malvina,Tite,mtite2s@yale.edu,Female,6.180.5.250
102,Eolanda,Brockhouse,ebrockhouse2t@merriam-webster.com,Female,84.74.113.1
103,Odette,De Francesco,odefrancesco2u@meetup.com,Female,128.180.173.86
104,Karin,Klimsch,kklimsch2v@themeforest.net,Female,183.193.202.217
105,Raleigh,Lamond,rlamond2w@scientificamerican.com,Male,68.236.113.83
106,Nye,Voss,nvoss2x@bandcamp.com,Male,130.229.25.77
107,Angie,Hallford,ahallford2y@reuters.com,Male,161.121.186.119
108,Leann,Enever,lenever2z@booking.com,Female,251.178.74.177
109,Jed,Cordsen,jcordsen30@wikia.com,Male,39.19.225.229
110,Nalani,Georges,ngeorges31@theguardian.com,Female,134.121.38.131
111,Agnese,Iaduccelli,aiaduccelli32@redcross.org,Female,45.47.157.17
112,Kerwin,Dolley,kdolley33@netscape.com,Male,117.67.189.194
113,Peter,Rugieri,prugieri34@domainmarket.com,Male,188.62.91.1
114,Jackelyn,Jelf,jjelf35@prlog.org,Female,204.35.246.174
115,Ailina,Brisson,abrisson36@umn.edu,Female,141.210.31.186
116,Hayyim,Simmgen,hsimmgen37@webeden.co.uk,Male,208.46.136.192
117,Meade,Loxdale,mloxdale38@wordpress.org,Male,97.160.48.99
118,Dani,Parham,dparham39@chron.com,Male,140.203.245.62
119,Federica,Schrei,fschrei3a@paginegialle.it,Female,30.19.49.52
120,Beale,Joselovitch,bjoselovitch3b@wordpress.org,Male,218.178.36.75
121,Felita,Huburn,fhuburn3c@paginegialle.it,Female,65.67.113.58
122,Myrlene,Sanbroke,msanbroke3d@ezinearticles.com,Female,69.124.243.172
123,Suzi,Jedrysik,sjedrysik3e@nps.gov,Female,165.167.20.20
124,Flor,Mullard,fmullard3f@wordpress.com,Female,212.59.171.130
125,Kareem,Clyant,kclyant3g@hostgator.com,Male,47.224.244.51
126,Sherwynd,Emer,semer3h@eventbrite.com,Male,133.32.44.237
127,Erhart,Ickovic,eickovic3i@tamu.edu,Male,245.109.9.36
128,Lanna,McCaffrey,lmccaffrey3j@qq.com,Female,18.63.195.42
129,Darell,Kleinsmuntz,dkleinsmuntz3k@nhs.uk,Female,209.64.45.218
130,Lanie,Ashbey,lashbey3l@ameblo.jp,Female,11.98.241.170
131,Marnie,Fryman,mfryman3m@example.com,Female,76.152.187.150
132,Rancell,Allcock,rallcock3n@blog.com,Male,130.172.178.25
133,Banky,Nelles,bnelles3o@unblog.fr,Male,179.207.148.42
134,Rita,Strippling,rstrippling3p@weather.com,Female,113.27.43.5
135,Catie,Jorczyk,cjorczyk3q@vimeo.com,Female,176.124.249.5
136,Amalia,Waple,awaple3r@is.gd,Female,29.200.102.86
137,Peggy,Sawter,psawter3s@springer.com,Female,53.177.120.91
138,Ardelia,Baelde,abaelde3t@sourceforge.net,Female,108.79.255.118
139,Athena,Bartelet,abartelet3u@sbwire.com,Female,252.149.215.206
140,Lou,Camerati,lcamerati3v@pen.io,Male,181.37.125.113
141,Catriona,Cattrell,ccattrell3w@theglobeandmail.com,Female,203.230.125.176
142,Monica,Root,mroot3x@si.edu,Female,91.86.70.114
143,Carlie,Abramchik,cabramchik3y@loc.gov,Female,73.191.46.88
144,Ofella,Asbury,oasbury3z@amazon.co.jp,Female,72.214.54.44
145,Kathlin,McIlrath,kmcilrath40@cbc.ca,Female,138.198.163.86
146,Kasper,Plaster,kplaster41@friendfeed.com,Male,102.197.55.160
147,Samuel,Galiero,sgaliero42@sogou.com,Male,95.124.226.211
148,Dodi,Fitzer,dfitzer43@chron.com,Female,186.160.189.142
149,Crosby,Pechan,cpechan44@nih.gov,Male,16.146.226.251
150,Griswold,Smiths,gsmiths45@hao123.com,Male,12.69.196.209
151,Fionna,Muehle,fmuehle46@booking.com,Female,229.37.112.213
152,Haley,Houndson,hhoundson47@flickr.com,Male,120.255.4.99
153,Nicola,Sitford,nsitford48@indiegogo.com,Male,201.131.154.197
154,Vassily,Dwine,vdwine49@hugedomains.com,Male,148.150.65.183
155,Clayson,Schaumaker,cschaumaker4a@ft.com,Male,105.123.9.145
156,Russ,Doe,rdoe4b@youku.com,Male,170.214.75.51
157,Brianne,Brayn,bbrayn4c@va.gov,Female,47.236.161.129
158,Dani,McFadzean,dmcfadzean4d@deviantart.com,Female,85.182.226.140
159,Rocky,Dady,rdady4e@noaa.gov,Male,238.167.146.196
160,Eugenia,Nussey,enussey4f@bizjournals.com,Female,204.25.88.90
161,Walden,Culshaw,wculshaw4g@is.gd,Male,170.205.150.165
162,Marc,Boise,mboise4h@homestead.com,Male,220.157.45.34
163,Luciana,Absolom,labsolom4i@amazon.com,Female,205.180.54.89
164,Lavinia,Mordan,lmordan4j@opera.com,Female,37.236.174.254
165,Jinny,Maginot,jmaginot4k@utexas.edu,Female,216.14.225.126
166,Nertie,Trickett,ntrickett4l@berkeley.edu,Female,238.185.218.8
167,Randi,Coey,rcoey4m@forbes.com,Male,88.112.36.153
168,Ariella,Vauls,avauls4n@unblog.fr,Female,64.213.173.236
169,Mildred,Cabel,mcabel4o@studiopress.com,Female,50.206.198.57
170,Borden,Kitchenside,bkitchenside4p@usnews.com,Male,185.77.242.136
171,Hanna,Pryke,hpryke4q@microsoft.com,Female,226.12.240.48
172,Gardie,Dulinty,gdulinty4r@pen.io,Male,1.153.176.21
173,Griffie,Lombardo,glombardo4s@de.vu,Male,203.78.146.174
174,Blaire,Pattenden,bpattenden4t@imageshack.us,Female,149.211.17.163
175,Brnaba,Escreet,bescreet4u@clickbank.net,Male,36.116.209.218
176,Marnie,Langan,mlangan4v@twitpic.com,Female,175.16.129.171
177,Helaine,Venditto,hvenditto4w@tuttocitta.it,Female,204.242.142.248
178,Jared,Durant,jdurant4x@smh.com.au,Male,85.233.98.149
179,Lind,Eim,leim4y@blogspot.com,Female,17.204.15.129
180,Viviana,McComas,vmccomas4z@google.com.au,Female,79.202.8.253
181,Walton,Bernaldo,wbernaldo50@wix.com,Male,126.92.214.254
182,Winonah,Molloy,wmolloy51@printfriendly.com,Female,251.239.148.108
183,Crosby,Rahill,crahill52@t.co,Male,133.218.241.139
184,Faina,Chesnay,fchesnay53@yellowpages.com,Female,82.234.1.155
185,Sly,Arghent,sarghent54@booking.com,Male,83.177.101.175
186,Amelie,Clilverd,aclilverd55@t.co,Female,218.227.123.30
187,Skell,Hainey`,shainey56@cargocollective.com,Male,109.177.224.55
188,Marion,Leber,mleber57@time.com,Male,232.196.105.149
189,Malinde,Bugge,mbugge58@princeton.edu,Female,95.192.31.186
190,Cortie,Kerwin,ckerwin59@clickbank.net,Male,53.102.109.178
191,Kalindi,Matanin,kmatanin5a@ox.ac.uk,Female,226.144.220.226
192,Trenna,Bucksey,tbucksey5b@sitemeter.com,Female,210.5.10.237
193,Dallon,Faussett,dfaussett5c@chron.com,Male,220.112.171.48
194,Dorey,Ludwikiewicz,dludwikiewicz5d@unblog.fr,Male,49.146.204.74
195,Lucky,Catanheira,lcatanheira5e@spotify.com,Female,182.83.248.217
196,Sherman,Kieff,skieff5f@liveinternet.ru,Male,240.194.209.210
197,Mitch,Anneslie,manneslie5g@craigslist.org,Male,141.127.130.100
198,Joleen,Redhills,jredhills5h@whitehouse.gov,Female,235.165.233.99
199,Sioux,Fice,sfice5i@sakura.ne.jp,Female,145.140.228.61
200,Adan,Hainey,ahainey5j@biblegateway.com,Male,18.53.36.205
201,Langston,Cosser,lcosser5k@ehow.com,Male,60.216.73.81
202,Weylin,Lucia,wlucia5l@constantcontact.com,Male,12.118.192.69
203,Evin,Troctor,etroctor5m@mail.ru,Male,134.244.242.24
204,Antoine,Gouthier,agouthier5n@mail.ru,Male,217.247.20.59
205,Carmine,Bolitho,cbolitho5o@foxnews.com,Male,9.19.128.94
206,Ulberto,Burroughes,uburroughes5p@si.edu,Male,113.167.196.242
207,Marena,Kinghorne,mkinghorne5q@altervista.org,Female,0.36.118.4
208,Marleen,Vahey,mvahey5r@theatlantic.com,Female,215.220.181.25
209,Lennard,Sawle,lsawle5s@usa.gov,Male,207.104.18.254
210,Suzy,Vanes,svanes5t@hugedomains.com,Female,61.160.173.144
211,Buiron,Harder,bharder5u@chron.com,Male,153.107.145.52
212,Stephani,Leades,sleades5v@weather.com,Female,177.15.141.240
213,Sula,Buret,sburet5w@wikispaces.com,Female,30.204.93.143
214,Kandace,Neilan,kneilan5x@chronoengine.com,Female,224.215.159.53
215,Sauveur,Berger,sberger5y@blinklist.com,Male,244.1.76.213
216,Rupert,Delany,rdelany5z@stanford.edu,Male,49.119.70.169
217,Lissa,Duley,lduley60@jigsy.com,Female,208.184.72.26
218,Catarina,Bantick,cbantick61@wired.com,Female,227.198.82.214
219,Alexis,Blackstock,ablackstock62@hibu.com,Female,137.174.203.91
220,Candie,Hitscher,chitscher63@wikipedia.org,Female,60.24.214.139
221,Roslyn,Axcel,raxcel64@booking.com,Female,147.243.122.63
222,Paulina,Aimable,paimable65@mozilla.com,Female,89.102.76.200
223,Gregor,Featherstone,gfeatherstone66@squarespace.com,Male,65.13.238.157
224,Eustace,Pehrsson,epehrsson67@shop-pro.jp,Male,208.121.180.175
225,Trevar,Cracknell,tcracknell68@elegantthemes.com,Male,234.87.219.0
226,Hatty,Ludy,hludy69@canalblog.com,Female,234.58.132.162
227,Esmeralda,Soro,esoro6a@webeden.co.uk,Female,8.22.174.1
228,Elsi,O'Hern,eohern6b@artisteer.com,Female,126.12.190.135
229,Glenn,Oade,goade6c@marketwatch.com,Male,151.12.119.108
230,Flo,Bachnic,fbachnic6d@blogger.com,Female,113.73.38.59
231,Roderic,Rustich,rrustich6e@aol.com,Male,79.161.206.41
232,Maynord,Shanley,mshanley6f@dailymail.co.uk,Male,187.41.154.49
233,Abe,Wakelam,awakelam6g@altervista.org,Male,1.175.117.117
234,Tilly,Kilbey,tkilbey6h@dagondesign.com,Female,72.19.200.198
235,Mina,Ilyinski,milyinski6i@seattletimes.com,Female,63.130.217.209
236,Vincenz,Baudins,vbaudins6j@techcrunch.com,Male,19.118.157.197
237,Salomo,Dominik,sdominik6k@usnews.com,Male,152.204.148.76
238,Brocky,Kearsley,bkearsley6l@lulu.com,Male,152.130.135.87
239,Morgana,Lomaz,mlomaz6m@posterous.com,Female,231.167.132.206
240,Helen,Deverall,hdeverall6n@live.com,Female,65.122.61.42
241,Pooh,Artois,partois6o@google.de,Male,139.104.59.126
242,Saraann,Flag,sflag6p@amazon.co.uk,Female,36.7.72.105
243,Haley,Currell,hcurrell6q@printfriendly.com,Male,2.139.186.93
244,Cathlene,Takos,ctakos6r@springer.com,Female,16.16.131.89
245,Baxie,Danford,bdanford6s@mapy.cz,Male,159.173.24.200
246,Willey,Winger,wwinger6t@etsy.com,Male,213.211.230.71
247,Benjie,Cocklie,bcocklie6u@mlb.com,Male,20.24.178.214
248,Adrianna,Diggell,adiggell6v@oakley.com,Female,29.214.62.57
249,Winslow,Michelle,wmichelle6w@miibeian.gov.cn,Male,122.75.31.6
250,Alecia,Kinnach,akinnach6x@guardian.co.uk,Female,234.226.241.177
251,Misti,Upham,mupham6y@guardian.co.uk,Female,99.234.140.119
252,Juliane,Guinn,jguinn6z@sciencedaily.com,Female,89.234.14.211
253,Englebert,Tyers,etyers70@geocities.jp,Male,180.236.180.0
254,Jaquelyn,Stagg,jstagg71@washingtonpost.com,Female,37.180.8.166
255,Dougie,Rosenzwig,drosenzwig72@deliciousdays.com,Male,20.104.78.74
256,Jedd,Algy,jalgy73@ovh.net,Male,16.191.211.54
257,Haily,Harkess,hharkess74@blinklist.com,Female,237.129.71.71
258,Adolpho,Steger,asteger75@angelfire.com,Male,134.90.96.248
259,Judon,Idell,jidell76@github.io,Male,201.79.18.149
260,Thebault,Crippen,tcrippen77@multiply.com,Male,66.191.158.146
261,Gayler,Duke,gduke78@cyberchimps.com,Male,5.79.118.191
262,Petey,Offen,poffen79@sbwire.com,Male,72.157.7.148
263,Klemens,Dymond,kdymond7a@amazon.co.uk,Male,90.240.154.217
264,Karel,Gordge,kgordge7b@engadget.com,Male,121.237.94.23
265,Gabriel,Candish,gcandish7c@mediafire.com,Female,152.67.229.144
266,Tandi,McManamen,tmcmanamen7d@nydailynews.com,Female,112.100.11.137
267,Jedd,Ciccarello,jciccarello7e@merriam-webster.com,Male,27.119.182.152
268,Phaidra,Lethbridge,plethbridge7f@craigslist.org,Female,244.170.206.18
269,Olivero,Craister,ocraister7g@umich.edu,Male,253.66.93.7
270,Sheree,Bullas,sbullas7h@narod.ru,Female,170.168.44.47
271,Charlene,Fendley,cfendley7i@gmpg.org,Female,19.1.84.233
272,Judi,Beneteau,jbeneteau7j@symantec.com,Female,101.45.32.133
273,Jodi,Weed,jweed7k@gravatar.com,Male,222.183.177.111
274,Nola,Drinan,ndrinan7l@japanpost.jp,Female,83.163.130.143
275,Packston,Walmsley,pwalmsley7m@lulu.com,Male,14.108.174.137
276,Katie,O'Cuddie,kocuddie7n@sciencedirect.com,Female,209.96.12.213
277,Zulema,Wharmby,zwharmby7o@wikimedia.org,Female,68.72.135.242
278,Grange,Curley,gcurley7p@youku.com,Male,121.5.209.142
279,Rachele,Ochterlony,rochterlony7q@unblog.fr,Female,253.0.34.249
280,Violetta,Dullard,vdullard7r@google.pl,Female,150.237.197.82
281,Rasia,Reggler,rreggler7s@wikipedia.org,Female,98.117.104.124
282,Anna-diana,Smuth,asmuth7t@4shared.com,Female,53.230.138.170
283,Rianon,Killingbeck,rkillingbeck7u@hubpages.com,Female,174.173.240.236
284,Padriac,Amaya,pamaya7v@webs.com,Male,218.26.177.233
285,Sloane,Feasby,sfeasby7w@nydailynews.com,Male,233.84.75.75
286,Clarine,Birney,cbirney7x@tripod.com,Female,43.17.205.87
287,Billie,Rawdales,brawdales7y@nyu.edu,Female,46.225.169.194
288,Antons,Cawson,acawson7z@cdbaby.com,Male,11.138.178.236
289,Idalia,Tunniclisse,itunniclisse80@joomla.org,Female,185.28.99.170
290,Augusto,Barnsdale,abarnsdale81@craigslist.org,Male,2.131.225.211
291,Lavinie,Davidesco,ldavidesco82@vinaora.com,Female,144.13.196.217
292,Tanhya,Bozier,tbozier83@digg.com,Female,193.133.2.92
293,Torey,Gronou,tgronou84@msu.edu,Female,130.239.219.73
294,Zarah,Grazier,zgrazier85@homestead.com,Female,201.15.62.46
295,Nadya,Egdale,negdale86@google.com.au,Female,24.186.173.100
296,Isidor,Weight,iweight87@facebook.com,Male,210.203.226.0
297,Marleah,Sotham,msotham88@bbb.org,Female,184.171.47.79
298,Skell,Enticott,senticott89@fc2.com,Male,232.118.238.140
299,Woody,Rymour,wrymour8a@paginegialle.it,Male,139.173.13.11
300,Durant,M'Quharge,dmquharge8b@netlog.com,Male,107.182.201.175
301,Ximenes,Amey,xamey8c@reverbnation.com,Male,43.85.19.16
302,Brandy,Spurling,bspurling8d@wired.com,Male,100.204.15.72
303,Suzi,Gainseford,sgainseford8e@sciencedaily.com,Female,0.166.199.23
304,Davie,Mangenot,dmangenot8f@163.com,Male,244.132.1.233
305,Ev,Oris,eoris8g@paypal.com,Male,241.130.224.84
306,Ryan,Melin,rmelin8h@e-recht24.de,Male,37.151.198.74
307,Melitta,Lantuff,mlantuff8i@cam.ac.uk,Female,12.33.255.140
308,Lorianna,Joysey,ljoysey8j@cornell.edu,Female,98.80.77.25
309,Lombard,Austin,laustin8k@is.gd,Male,147.220.131.148
310,Davie,Larvor,dlarvor8l@deliciousdays.com,Male,72.96.114.236
311,Georgi,Deevey,gdeevey8m@wiley.com,Male,97.15.71.216
312,Marwin,Horsefield,mhorsefield8n@bing.com,Male,116.28.114.104
313,Bianka,Benzies,bbenzies8o@cocolog-nifty.com,Female,93.210.84.59
314,Illa,MacRirie,imacririe8p@cbsnews.com,Female,242.125.106.81
315,Faustine,Brandoni,fbrandoni8q@github.io,Female,127.133.22.188
316,Reggy,Plett,rplett8r@wikia.com,Male,215.73.179.149
317,Rosabel,Libbis,rlibbis8s@google.co.uk,Female,53.243.61.145
318,Shantee,Genery,sgenery8t@myspace.com,Female,151.75.137.34
319,Aggi,Heis,aheis8u@soup.io,Female,68.191.145.126
320,Lemmy,Bourgaize,lbourgaize8v@intel.com,Male,94.39.92.50
321,Reynard,Somner,rsomner8w@domainmarket.com,Male,46.66.1.242
322,Hildegaard,Labbe,hlabbe8x@about.me,Female,139.222.125.120
323,Kiley,Barstow,kbarstow8y@berkeley.edu,Female,30.78.177.182
324,Cristabel,Blatherwick,cblatherwick8z@angelfire.com,Female,53.223.61.95
325,Vaclav,Stinchcombe,vstinchcombe90@diigo.com,Male,107.168.140.132
326,Gene,Buckbee,gbuckbee91@oracle.com,Female,112.219.37.29
327,Christoper,Plaide,cplaide92@macromedia.com,Male,152.78.67.140
328,Stefano,Breslau,sbreslau93@wp.com,Male,42.217.134.227
329,Artair,Navan,anavan94@jimdo.com,Male,181.75.41.123
330,Astra,Sawrey,asawrey95@samsung.com,Female,6.164.152.29
331,Harrie,Conway,hconway96@answers.com,Female,201.194.217.163
332,Garald,Petrovykh,gpetrovykh97@comsenz.com,Male,211.247.192.1
333,Baron,Slegg,bslegg98@sohu.com,Male,48.4.58.241
334,Rosella,O'Carrol,rocarrol99@google.pl,Female,75.230.68.185
335,Emilia,MacRannell,emacrannell9a@domainmarket.com,Female,223.203.94.21
336,Dolli,Davidove,ddavidove9b@toplist.cz,Female,169.75.77.139
337,Gare,Anwyl,ganwyl9c@chicagotribune.com,Male,107.246.247.209
338,Avery,Ormerod,aormerod9d@mashable.com,Male,55.135.202.136
339,Lucien,Gowthorpe,lgowthorpe9e@themeforest.net,Male,13.168.195.111
340,Maurise,Whitehorn,mwhitehorn9f@odnoklassniki.ru,Female,35.250.90.54
341,Kristan,Larby,klarby9g@answers.com,Female,90.164.174.161
342,Hebert,Llorente,hllorente9h@qq.com,Male,186.187.3.191
343,Stevie,Ibbott,sibbott9i@weather.com,Male,184.46.234.66
344,Gabriella,Beamont,gbeamont9j@bbb.org,Female,183.170.53.83
345,Verina,Santon,vsanton9k@cornell.edu,Female,74.73.217.191
346,Seline,Elcombe,selcombe9l@prlog.org,Female,213.37.247.153
347,Alison,Marchant,amarchant9m@blog.com,Female,126.195.161.92
348,Broderic,Arnoll,barnoll9n@pen.io,Male,82.249.22.101
349,Daniele,Parsall,dparsall9o@ted.com,Female,222.123.48.83
350,Raphael,Bratty,rbratty9p@mediafire.com,Male,222.154.69.159
351,Silvain,Vodden,svodden9q@wikia.com,Male,138.45.234.189
352,Marion,Lunt,mlunt9r@blinklist.com,Female,126.112.204.11
353,Vaclav,Twelves,vtwelves9s@furl.net,Male,222.141.252.111
354,Devon,Gage,dgage9t@biglobe.ne.jp,Female,3.140.83.192
355,Lita,Rollitt,lrollitt9u@webs.com,Female,243.249.220.124
356,Trudy,Gazey,tgazey9v@posterous.com,Female,161.133.229.35
357,Darren,Mulqueen,dmulqueen9w@clickbank.net,Male,92.61.64.229
358,Geralda,Furber,gfurber9x@spotify.com,Female,215.169.216.46
359,Livvy,Mielnik,lmielnik9y@forbes.com,Female,181.183.10.152
360,Jo,Odhams,jodhams9z@storify.com,Male,55.41.13.168
361,Rori,Caygill,rcaygilla0@cafepress.com,Female,185.183.178.239
362,Nollie,Eastgate,neastgatea1@xrea.com,Male,171.160.199.230
363,Rog,Gilson,rgilsona2@flickr.com,Male,124.174.233.92
364,Boycie,Greeno,bgreenoa3@nhs.uk,Male,117.89.37.125
365,Brig,Zanre,bzanrea4@histats.com,Male,205.95.117.119
366,Der,Cockran,dcockrana5@army.mil,Male,217.78.147.23
367,Emlyn,Ewer,eewera6@myspace.com,Male,212.153.199.118
368,Herman,Rizzini,hrizzinia7@printfriendly.com,Male,202.115.137.191
369,Miltie,Cocher,mcochera8@tiny.cc,Male,66.170.39.119
370,Eleonora,Melsom,emelsoma9@joomla.org,Female,136.52.4.31
371,Ad,Crome,acromeaa@washingtonpost.com,Male,132.2.252.107
372,Cele,Carnelley,ccarnelleyab@foxnews.com,Female,50.109.118.131
373,Charisse,Barnhill,cbarnhillac@senate.gov,Female,57.167.150.120
374,Andriette,Boor,aboorad@storify.com,Female,50.48.227.3
375,Charmine,Layus,clayusae@kickstarter.com,Female,107.145.210.224
376,Davy,Madden,dmaddenaf@sciencedirect.com,Male,194.219.195.229
377,Napoleon,Margerrison,nmargerrisonag@weebly.com,Male,230.170.251.157
378,Ceil,Heimes,cheimesah@wiley.com,Female,29.174.13.0
379,Inger,Aleveque,ialevequeai@hostgator.com,Female,176.140.130.138
380,Waly,Klug,wklugaj@sphinn.com,Female,230.61.90.62
381,Leticia,Rodolico,lrodolicoak@washingtonpost.com,Female,50.59.220.83
382,Edie,Deverale,edeveraleal@google.de,Female,215.227.43.148
383,Olivier,Young,oyoungam@behance.net,Male,29.29.224.49
384,Jeffy,Peoples,jpeoplesan@youtube.com,Male,37.153.12.79
385,Oriana,Idell,oidellao@slashdot.org,Female,174.73.160.11
386,Archibald,Shemwell,ashemwellap@ft.com,Male,181.65.184.23
387,Iggie,Ridulfo,iridulfoaq@google.ca,Male,143.233.227.147
388,Wendall,Domino,wdominoar@google.nl,Male,165.67.219.52
389,Rafaello,Timmons,rtimmonsas@youku.com,Male,153.9.144.128
390,Noel,Byass,nbyassat@vkontakte.ru,Male,147.166.124.133
391,Krystalle,Tother,ktotherau@clickbank.net,Female,230.60.248.73
392,Felipa,Prozillo,fprozilloav@quantcast.com,Female,91.182.153.237
393,Eldin,Sexti,esextiaw@taobao.com,Male,103.185.107.27
394,Lorry,Matussov,lmatussovax@tinypic.com,Male,173.32.98.107
395,Adair,Cheake,acheakeay@addtoany.com,Male,206.49.235.232
396,Erwin,Forsaith,eforsaithaz@over-blog.com,Male,248.155.127.207
397,Kalil,Keneforde,kkenefordeb0@bloglovin.com,Male,216.12.153.181
398,Gordon,Piscopiello,gpiscopiellob1@sogou.com,Male,73.223.81.28
399,Brok,Adame,badameb2@hp.com,Male,213.134.155.250
400,Pam,Yapp,pyappb3@1688.com,Female,162.34.197.50
401,Cristiano,Peiser,cpeiserb4@washingtonpost.com,Male,142.83.21.126
402,Annalee,Mersey,amerseyb5@unc.edu,Female,217.223.33.105
403,Cody,Horley,chorleyb6@wufoo.com,Male,90.236.33.206
404,Janka,Spat,jspatb7@ameblo.jp,Female,113.248.65.56
405,Pavia,Migheli,pmighelib8@cam.ac.uk,Female,114.235.103.180
406,Lanie,Phillps,lphillpsb9@privacy.gov.au,Male,183.142.163.235
407,Constantine,Lambin,clambinba@jugem.jp,Male,245.222.220.182
408,Frederique,Bowdler,fbowdlerbb@reddit.com,Female,249.78.37.128
409,Tabby,Odgaard,todgaardbc@smugmug.com,Male,156.22.235.102
410,Cari,Noddles,cnoddlesbd@wikia.com,Female,254.162.135.145
411,Sherry,Rosekilly,srosekillybe@163.com,Female,92.84.45.132
412,Johanna,Goutcher,jgoutcherbf@dagondesign.com,Female,154.236.138.116
413,Wendell,Doogood,wdoogoodbg@redcross.org,Male,139.126.246.238
414,Stanwood,Abby,sabbybh@360.cn,Male,157.130.41.142
415,Britte,Fidoe,bfidoebi@hp.com,Female,236.145.196.237
416,Goraud,Robbins,grobbinsbj@prnewswire.com,Male,181.113.146.171
417,Grantley,Linder,glinderbk@businessweek.com,Male,166.30.65.34
418,Griffith,Paulat,gpaulatbl@1und1.de,Male,82.191.219.226
419,Sophey,Doogue,sdooguebm@jalbum.net,Female,218.186.84.63
420,Amalia,McGuinley,amcguinleybn@ebay.com,Female,42.41.50.180
421,Brannon,Meagher,bmeagherbo@seattletimes.com,Male,173.110.39.177
422,Corbet,McKeney,cmckeneybp@fda.gov,Male,233.176.8.111
423,Freddi,Sowrey,fsowreybq@nps.gov,Female,181.73.196.27
424,Ardeen,Santen,asantenbr@people.com.cn,Female,219.130.74.167
425,Reamonn,Sapseed,rsapseedbs@dell.com,Male,195.74.170.45
426,May,Ellerington,melleringtonbt@github.com,Female,193.173.249.134
427,Clayborne,Bristowe,cbristowebu@utexas.edu,Male,169.194.25.245
428,Gay,Frodsam,gfrodsambv@bloomberg.com,Male,228.197.117.96
429,Bettine,Whyley,bwhyleybw@ibm.com,Female,30.235.172.134
430,Marylee,Silman,msilmanbx@admin.ch,Female,196.38.242.205
431,Nealon,Trenear,ntrenearby@answers.com,Male,160.37.216.179
432,Dyan,Mottinelli,dmottinellibz@unc.edu,Female,199.237.168.210
433,Bernadina,Crammy,bcrammyc0@examiner.com,Female,63.40.205.152
434,Duke,Garrad,dgarradc1@google.co.uk,Male,139.46.7.237
435,Justinn,Gramer,jgramerc2@go.com,Female,58.62.226.134
436,Emylee,Surgen,esurgenc3@yahoo.co.jp,Female,188.12.244.65
437,Law,Whawell,lwhawellc4@naver.com,Male,149.232.221.240
438,Dominique,Emlin,demlinc5@g.co,Female,169.107.71.129
439,Angeli,Ditzel,aditzelc6@zdnet.com,Male,15.233.216.140
440,Udall,Kleinschmidt,ukleinschmidtc7@wp.com,Male,127.156.64.151
441,Brenn,McPhelimy,bmcphelimyc8@etsy.com,Female,105.8.7.113
442,Gypsy,Sauter,gsauterc9@goo.gl,Female,67.163.97.139
443,Alec,Gowthorpe,agowthorpeca@wunderground.com,Male,230.147.230.47
444,Wat,Bridie,wbridiecb@nifty.com,Male,62.129.16.68
445,Benoite,Tombleson,btomblesoncc@wired.com,Female,247.218.166.176
446,Randall,Jacke,rjackecd@mediafire.com,Male,132.216.9.88
447,Salaidh,Cescoti,scescotice@odnoklassniki.ru,Female,22.251.102.5
448,Brion,Djurevic,bdjureviccf@php.net,Male,83.162.46.252
449,Andrus,Thams,athamscg@usnews.com,Male,14.186.47.114
450,Ardyth,Aucott,aaucottch@mapquest.com,Female,204.186.5.96
451,Alyssa,Weall,aweallci@histats.com,Female,154.22.73.74
452,Diena,Fellgett,dfellgettcj@mit.edu,Female,18.238.176.25
453,Gabi,Carbery,gcarberyck@jalbum.net,Male,96.185.122.21
454,Alistair,Birtwell,abirtwellcl@apple.com,Male,228.205.16.15
455,Mamie,McLugaish,mmclugaishcm@sogou.com,Female,147.135.79.148
456,Vinny,Fawdrie,vfawdriecn@independent.co.uk,Male,75.194.58.169
457,Flin,Todhunter,ftodhunterco@statcounter.com,Male,174.109.75.137
458,Bram,Dunford,bdunfordcp@sourceforge.net,Male,58.191.231.114
459,Aguste,Tantum,atantumcq@stumbleupon.com,Male,243.250.110.90
460,Walden,Bowfin,wbowfincr@github.com,Male,207.173.2.117
461,Joly,Roskell,jroskellcs@barnesandnoble.com,Female,8.49.66.167
462,Blake,Iveson,bivesonct@prweb.com,Female,15.136.174.117
463,Arny,Rhelton,arheltoncu@hubpages.com,Male,25.5.198.186
464,Marijn,Orrey,morreycv@imageshack.us,Male,252.102.197.193
465,Dwayne,Hune,dhunecw@miitbeian.gov.cn,Male,238.39.65.60
466,Jacenta,Van Ross,jvanrosscx@wunderground.com,Female,125.186.168.122
467,Blondie,Jaycock,bjaycockcy@altervista.org,Female,95.83.74.70
468,Bethany,Seilmann,bseilmanncz@intel.com,Female,247.106.27.204
469,Clair,Willoughley,cwilloughleyd0@artisteer.com,Male,210.116.53.108
470,Edgar,MacTerlagh,emacterlaghd1@cmu.edu,Male,148.58.48.140
471,Lorilee,Audsley,laudsleyd2@squarespace.com,Female,221.214.112.122
472,Rozella,Gosden,rgosdend3@constantcontact.com,Female,127.148.199.155
473,Calli,Duley,cduleyd4@tumblr.com,Female,78.62.24.235
474,Grove,Reddle,greddled5@godaddy.com,Male,184.98.214.0
475,Evin,O'Loghlen,eologhlend6@amazon.com,Male,239.95.39.183
476,Carolin,Guillard,cguillardd7@artisteer.com,Female,143.193.249.58
477,Meredith,Yoell,myoelld8@webeden.co.uk,Male,90.117.51.56
478,Opalina,Kitlee,okitleed9@360.cn,Female,11.3.194.145
479,Lesya,Davitashvili,ldavitashvilida@sakura.ne.jp,Female,116.24.119.225
480,Kristofer,Anstiss,kanstissdb@accuweather.com,Male,240.45.54.98
481,Kurt,Wesson,kwessondc@wisc.edu,Male,203.105.166.77
482,Zelma,Doram,zdoramdd@cdc.gov,Female,4.29.50.245
483,Orin,Seatter,oseatterde@vimeo.com,Male,188.49.201.78
484,Kiersten,Mewton,kmewtondf@timesonline.co.uk,Female,162.81.58.16
485,Eleonora,Krahl,ekrahldg@pen.io,Female,195.140.8.11
486,Charisse,Foote,cfootedh@fotki.com,Female,23.136.244.153
487,Elonore,Tibols,etibolsdi@ucsd.edu,Female,253.235.22.251
488,Daile,Santus,dsantusdj@loc.gov,Female,91.232.255.177
489,Reeba,Lapere,rlaperedk@businessweek.com,Female,83.52.60.187
490,Jolee,Golder,jgolderdl@earthlink.net,Female,132.191.10.82
491,Carley,de Verson,cdeversondm@163.com,Female,74.199.65.53
492,Gregory,Stanlick,gstanlickdn@cnet.com,Male,203.179.209.99
493,Isidore,Jzak,ijzakdo@tmall.com,Male,28.179.166.246
494,Izzy,Reyburn,ireyburndp@bigcartel.com,Male,114.100.61.196
495,Annadiane,Braley,abraleydq@desdev.cn,Female,176.206.142.196
496,Ayn,Coulbeck,acoulbeckdr@npr.org,Female,223.234.13.234
497,Lewie,Rosnau,lrosnauds@jigsy.com,Male,152.205.5.190
498,Cherrita,Czaja,cczajadt@tumblr.com,Female,108.65.238.206
499,Ailina,Marcos,amarcosdu@narod.ru,Female,92.212.36.161
500,Aura,Doyley,adoyleydv@home.pl,Female,162.199.182.167
501,Reece,Skippen,rskippendw@yellowbook.com,Male,224.138.56.153
502,Brant,Balcock,bbalcockdx@unc.edu,Male,119.217.182.189
503,Marleen,Stonehouse,mstonehousedy@aboutads.info,Female,189.71.100.242
504,Osbert,Malinowski,omalinowskidz@wikia.com,Male,194.164.98.207
505,Wilhelmine,Sarl,wsarle0@tripadvisor.com,Female,37.162.252.179
506,Dex,Albiston,dalbistone1@plala.or.jp,Male,69.195.245.209
507,Timoteo,Pettit,tpettite2@fda.gov,Male,148.90.176.14
508,Wendell,Van der Hoeven,wvanderhoevene3@jalbum.net,Male,95.188.200.143
509,Silvia,Demaid,sdemaide4@wisc.edu,Female,212.147.234.133
510,Arden,Dailly,adaillye5@nba.com,Female,85.4.148.205
511,Joannes,Rentz,jrentze6@irs.gov,Female,65.38.86.209
512,Jaime,Chanders,jchanderse7@nytimes.com,Female,118.60.170.23
513,Rickie,Reape,rreapee8@usa.gov,Male,24.76.24.244
514,Chico,Barabich,cbarabiche9@cargocollective.com,Male,152.34.124.39
515,Dwain,Hayward,dhaywardea@csmonitor.com,Male,226.119.31.139
516,Micheline,Veillard,mveillardeb@techcrunch.com,Female,245.68.135.169
517,Elihu,Gratton,egrattonec@comcast.net,Male,90.128.18.184
518,Hashim,Mabbot,hmabboted@mit.edu,Male,223.122.100.241
519,Derick,Corbitt,dcorbittee@deviantart.com,Male,32.227.235.85
520,Reeva,Wandrey,rwandreyef@shop-pro.jp,Female,129.214.96.100
521,Edvard,Chalkly,echalklyeg@barnesandnoble.com,Male,104.8.85.252
522,Cookie,Dillintone,cdillintoneeh@nymag.com,Female,170.153.107.197
523,Nero,Cutress,ncutressei@google.co.jp,Male,5.34.20.161
524,Temp,McCrann,tmccrannej@earthlink.net,Male,159.12.62.220
525,Marcelo,Rippin,mrippinek@nbcnews.com,Male,97.220.239.219
526,Rudyard,Yea,ryeael@ibm.com,Male,251.21.126.32
527,Kermy,Nowakowski,knowakowskiem@parallels.com,Male,30.126.194.82
528,Kissiah,Okenfold,kokenfolden@tamu.edu,Female,61.50.217.159
529,Correna,Ardy,cardyeo@example.com,Female,128.97.53.227
530,Zia,Nesey,zneseyep@businessinsider.com,Female,137.154.58.212
531,Georgie,Carpe,gcarpeeq@adobe.com,Female,108.48.217.71
532,Matias,Younie,myounieer@jiathis.com,Male,39.43.13.102
533,Kimberlyn,Beare,kbearees@economist.com,Female,111.238.109.149
534,Edmon,Bourtoumieux,ebourtoumieuxet@rediff.com,Male,29.45.229.81
535,Dallas,Josefovic,djosefoviceu@myspace.com,Male,249.31.205.167
536,Sigismondo,Blazevic,sblazevicev@ihg.com,Male,217.25.75.119
537,Sarah,Botterman,sbottermanew@mashable.com,Female,172.161.198.176
538,Even,Klewer,eklewerex@msn.com,Male,91.2.124.6
539,Laird,Drohun,ldrohuney@cdbaby.com,Male,237.217.205.73
540,Alaric,Eldritt,aeldrittez@hhs.gov,Male,166.243.252.49
541,Craggy,Akester,cakesterf0@cornell.edu,Male,100.227.240.86
542,Kendricks,Charopen,kcharopenf1@soup.io,Male,247.179.3.231
543,Iain,Blampey,iblampeyf2@ed.gov,Male,69.197.56.102
544,Aindrea,Valasek,avalasekf3@alibaba.com,Female,7.14.41.247
545,Rachele,Shallcross,rshallcrossf4@dmoz.org,Female,118.153.248.41
546,Cesar,Mallaby,cmallabyf5@newyorker.com,Male,226.154.223.187
547,Adam,Maris,amarisf6@ucsd.edu,Male,158.124.214.151
548,Neel,Wraxall,nwraxallf7@prnewswire.com,Male,230.102.75.52
549,Abrahan,Tudhope,atudhopef8@huffingtonpost.com,Male,230.230.188.201
550,Julietta,Mackelworth,jmackelworthf9@comcast.net,Female,2.49.233.195
551,Roland,Kinner,rkinnerfa@jalbum.net,Male,197.49.46.180
552,Ryann,Iacovacci,riacovaccifb@deviantart.com,Female,238.21.153.9
553,Mathilde,Canellas,mcanellasfc@webs.com,Female,221.4.33.186
554,Sisely,Basketter,sbasketterfd@ibm.com,Female,102.234.174.125
555,Gavra,Norris,gnorrisfe@youtube.com,Female,57.81.171.144
556,Willy,Deane,wdeaneff@scribd.com,Female,29.66.203.102
557,Corette,Arling,carlingfg@mashable.com,Female,177.229.217.64
558,Maurita,Rubke,mrubkefh@1688.com,Female,26.152.136.58
559,Horatio,Carbry,hcarbryfi@intel.com,Male,213.246.125.6
560,Dunn,Mellody,dmellodyfj@amazon.co.jp,Male,149.30.218.216
561,Salvatore,Deery,sdeeryfk@webnode.com,Male,65.128.144.244
562,Alanson,Carren,acarrenfl@webs.com,Male,77.61.125.110
563,Merrielle,McLucky,mmcluckyfm@moonfruit.com,Female,215.231.33.222
564,Brice,Foro,bforofn@mashable.com,Male,141.108.167.225
565,Rabi,Budleigh,rbudleighfo@google.pl,Male,197.252.104.125
566,Kippar,Drakers,kdrakersfp@dagondesign.com,Male,151.213.103.243
567,Basia,O'Hickey,bohickeyfq@vk.com,Female,80.179.54.7
568,Astra,Dysert,adysertfr@fda.gov,Female,176.203.9.209
569,Morton,Blackledge,mblackledgefs@storify.com,Male,228.57.242.73
570,Lacey,Josipovitz,ljosipovitzft@oakley.com,Female,27.59.212.43
571,Lionel,Cordet,lcordetfu@ox.ac.uk,Male,70.212.98.138
572,Shannen,Wesley,swesleyfv@histats.com,Female,141.223.233.71
573,Max,Betteney,mbetteneyfw@buzzfeed.com,Male,249.145.125.234
574,Cristian,Roj,crojfx@twitter.com,Male,196.39.231.210
575,Timothee,Donaghie,tdonaghiefy@squidoo.com,Male,253.192.220.248
576,Broderick,Kinnon,bkinnonfz@angelfire.com,Male,163.229.252.94
577,Jone,Haddick,jhaddickg0@google.it,Male,143.210.188.21
578,Rochester,Lindberg,rlindbergg1@hatena.ne.jp,Male,214.204.242.4
579,Cobby,Morphew,cmorphewg2@cnn.com,Male,140.19.27.154
580,Christa,Wand,cwandg3@over-blog.com,Female,8.0.222.133
581,Lindi,Crose,lcroseg4@wikipedia.org,Female,181.186.147.18
582,Karlene,Chippendale,kchippendaleg5@mlb.com,Female,238.84.137.136
583,Duky,Dee,ddeeg6@canalblog.com,Male,151.159.250.36
584,Quentin,Colleymore,qcolleymoreg7@blogspot.com,Female,240.222.23.17
585,Obadias,McDoual,omcdoualg8@surveymonkey.com,Male,51.229.90.167
586,Darrick,Noods,dnoodsg9@shutterfly.com,Male,28.129.53.42
587,Vina,Jaggar,vjaggarga@cargocollective.com,Female,161.14.182.93
588,Kania,Marston,kmarstongb@usnews.com,Female,159.184.181.144
589,Charmane,Chiverton,cchivertongc@nyu.edu,Female,50.132.194.253
590,Kirk,Airs,kairsgd@wp.com,Male,4.126.190.236
591,Zandra,Dobrovolski,zdobrovolskige@sphinn.com,Female,23.62.212.216
592,Matthias,Antuoni,mantuonigf@earthlink.net,Male,140.33.217.232
593,Alia,Stearndale,astearndalegg@hostgator.com,Female,211.144.144.35
594,Tripp,Bexley,tbexleygh@google.nl,Male,144.238.118.98
595,Kimball,Anderton,kandertongi@networksolutions.com,Male,134.220.24.138
596,Hewe,Fareweather,hfareweathergj@topsy.com,Male,165.69.90.14
597,Ferne,Brash,fbrashgk@networksolutions.com,Female,215.117.48.139
598,Patin,Chason,pchasongl@bbc.co.uk,Male,180.94.25.73
599,Carolyn,Pedrocco,cpedroccogm@miitbeian.gov.cn,Female,42.37.48.177
600,Crosby,Marginson,cmarginsongn@xing.com,Male,215.21.100.72
601,Genia,Belhome,gbelhomego@ustream.tv,Female,74.123.84.65
602,Lawton,Cellier,lcelliergp@domainmarket.com,Male,113.30.251.11
603,Denyse,Clawson,dclawsongq@bing.com,Female,241.58.250.4
604,Noak,Diss,ndissgr@google.fr,Male,210.147.50.198
605,Niels,Edsall,nedsallgs@altervista.org,Male,215.255.236.237
606,Dode,Slocomb,dslocombgt@bizjournals.com,Female,23.222.168.179
607,Giulietta,Treeby,gtreebygu@examiner.com,Female,73.153.152.63
608,Helen-elizabeth,Paniman,hpanimangv@indiegogo.com,Female,174.64.57.149
609,Gino,Vales,gvalesgw@wp.com,Male,54.6.6.61
610,Fiona,Surgood,fsurgoodgx@oakley.com,Female,225.216.220.75
611,Lelah,Peebles,lpeeblesgy@bing.com,Female,208.27.182.226
612,Alison,Poznan,apoznangz@naver.com,Female,113.64.48.4
613,Ashlee,Dumbrill,adumbrillh0@who.int,Female,201.19.207.108
614,Letty,Schnitter,lschnitterh1@yelp.com,Female,75.130.208.168
615,Howie,Moverley,hmoverleyh2@washington.edu,Male,131.248.50.25
616,Gustie,Klicher,gklicherh3@ed.gov,Female,12.196.71.21
617,Friedrick,Monk,fmonkh4@bbc.co.uk,Male,18.121.106.90
618,Carlie,Howick,chowickh5@list-manage.com,Male,53.216.121.83
619,Marji,Sigfrid,msigfridh6@bloglines.com,Female,82.54.133.69
620,Nehemiah,Shiel,nshielh7@telegraph.co.uk,Male,161.206.229.140
621,Tannie,Lodevick,tlodevickh8@wp.com,Male,208.62.40.98
622,Dukie,Berry,dberryh9@uiuc.edu,Male,206.123.2.8
623,Sidnee,Parnell,sparnellha@techcrunch.com,Male,81.104.156.113
624,Jada,Cherry,jcherryhb@yahoo.com,Female,148.172.222.37
625,Sammie,de Copeman,sdecopemanhc@bbc.co.uk,Male,157.2.127.6
626,Regine,Sparling,rsparlinghd@si.edu,Female,182.31.94.78
627,Eliza,Jessope,ejessopehe@redcross.org,Female,7.221.173.243
628,Dirk,Ferre,dferrehf@nymag.com,Male,54.139.43.21
629,Amery,Hardwicke,ahardwickehg@uol.com.br,Male,64.145.20.17
630,Giffie,Trood,gtroodhh@hud.gov,Male,162.126.55.176
631,Hamilton,Repp,hrepphi@netscape.com,Male,251.87.187.14
632,Kalil,Okie,kokiehj@rakuten.co.jp,Male,216.129.75.246
633,Micki,Trevallion,mtrevallionhk@newyorker.com,Female,10.113.238.201
634,Curt,Luberto,clubertohl@paginegialle.it,Male,110.245.197.117
635,Faustina,Lamplough,flamploughhm@symantec.com,Female,71.139.178.236
636,Georgeanne,Burchell,gburchellhn@artisteer.com,Female,126.210.48.32
637,Son,Ledster,sledsterho@un.org,Male,222.32.181.116
638,Winfield,Ogdahl,wogdahlhp@yahoo.com,Male,26.78.152.6
639,Kimberlyn,Lisciardelli,klisciardellihq@taobao.com,Female,89.199.54.27
640,Arden,Biasio,abiasiohr@fema.gov,Female,34.166.123.73
641,Nichol,Hurne,nhurnehs@mac.com,Female,88.155.76.72
642,Ritchie,Cornilleau,rcornilleauht@mapquest.com,Male,169.211.212.240
643,Maureen,Normabell,mnormabellhu@amazonaws.com,Female,163.239.196.176
644,Kalindi,Beadle,kbeadlehv@seesaa.net,Female,116.114.249.225
645,Ashil,Augar,aaugarhw@cargocollective.com,Female,14.79.86.90
646,Robby,Hamlet,rhamlethx@yandex.ru,Female,36.13.155.209
647,Bradford,Ashelford,bashelfordhy@vk.com,Male,58.116.249.40
648,Kendricks,Buckel,kbuckelhz@so-net.ne.jp,Male,7.63.119.193
649,Inigo,Goolden,igooldeni0@mapy.cz,Male,123.248.194.197
650,Alex,Shortin,ashortini1@icq.com,Male,52.2.221.217
651,Amabel,McGeffen,amcgeffeni2@xinhuanet.com,Female,254.211.9.181
652,Coraline,Henri,chenrii3@moonfruit.com,Female,46.141.197.54
653,Angelico,Eloi,aeloii4@paginegialle.it,Male,202.62.51.158
654,Sig,Goodhand,sgoodhandi5@cornell.edu,Male,203.10.33.202
655,Lorrie,Dyball,ldyballi6@phpbb.com,Female,33.177.57.224
656,Garrot,Lace,glacei7@sourceforge.net,Male,194.178.44.225
657,Rois,Hathwood,rhathwoodi8@bluehost.com,Female,246.36.144.215
658,Delbert,Linsay,dlinsayi9@technorati.com,Male,47.10.122.241
659,Ramona,Spandley,rspandleyia@webnode.com,Female,184.222.2.64
660,Gaile,Van Der Walt,gvanderwaltib@vkontakte.ru,Male,123.251.250.192
661,Alford,Eisold,aeisoldic@gizmodo.com,Male,204.42.245.108
662,Miguel,Chalkly,mchalklyid@ftc.gov,Male,233.86.95.165
663,Calley,Seyers,cseyersie@pinterest.com,Female,111.78.178.240
664,Petrina,Lewisham,plewishamif@who.int,Female,81.150.69.98
665,Karie,Iacobo,kiacoboig@huffingtonpost.com,Female,78.51.104.225
666,Mayor,O'Gleasane,mogleasaneih@salon.com,Male,48.186.82.148
667,Germana,Scampion,gscampionii@woothemes.com,Female,196.55.157.77
668,Wilie,Readman,wreadmanij@nature.com,Female,203.182.120.227
669,Emilio,Vallery,evalleryik@sina.com.cn,Male,26.165.215.67
670,Jermaine,Guard,jguardil@purevolume.com,Male,14.221.204.73
671,Janos,Zanini,jzaniniim@istockphoto.com,Male,135.195.127.1
672,Giustino,Berrisford,gberrisfordin@blog.com,Male,99.240.255.154
673,Paten,Kinlock,pkinlockio@live.com,Male,237.147.18.84
674,Tedda,McAndrew,tmcandrewip@soundcloud.com,Female,238.23.139.144
675,Robin,Pasterfield,rpasterfieldiq@bloglines.com,Male,10.136.181.183
676,Bobby,Leupold,bleupoldir@berkeley.edu,Female,240.218.122.150
677,Danila,Holmyard,dholmyardis@sohu.com,Female,51.241.7.55
678,Devonne,Arnau,darnauit@123-reg.co.uk,Female,233.164.226.132
679,Emilie,Twittey,etwitteyiu@sogou.com,Female,31.74.112.92
680,Lynnette,Courtes,lcourtesiv@si.edu,Female,148.185.156.100
681,Jon,Fransman,jfransmaniw@amazon.co.uk,Male,63.165.181.247
682,Tracee,Frossell,tfrossellix@ebay.com,Female,41.212.68.62
683,Hubey,Elmer,helmeriy@google.es,Male,113.222.11.131
684,Roland,Oaten,roateniz@java.com,Male,84.169.73.176
685,Fae,Yegorchenkov,fyegorchenkovj0@elegantthemes.com,Female,160.59.244.97
686,Tabina,Suthworth,tsuthworthj1@discuz.net,Female,98.7.99.24
687,Denny,Peaddie,dpeaddiej2@mail.ru,Female,153.24.177.210
688,Liuka,Curryer,lcurryerj3@slashdot.org,Female,53.183.72.204
689,Aube,Matias,amatiasj4@sogou.com,Male,122.24.22.168
690,Doralynne,Kosel,dkoselj5@cargocollective.com,Female,25.227.89.150
691,Steve,Fronks,sfronksj6@slideshare.net,Male,102.186.145.35
692,Windy,Castilljo,wcastilljoj7@stumbleupon.com,Female,198.28.100.6
693,Mechelle,Lamcken,mlamckenj8@mashable.com,Female,209.208.40.24
694,Clare,Boundey,cboundeyj9@dropbox.com,Female,222.92.140.103
695,Allissa,Bondley,abondleyja@google.pl,Female,23.220.155.207
696,Stanleigh,Pargetter,spargetterjb@uiuc.edu,Male,203.234.95.156
697,Shelden,L' Estrange,slestrangejc@abc.net.au,Male,173.131.83.122
698,Kathrine,Clint,kclintjd@skype.com,Female,40.92.102.68
699,Gae,Jentin,gjentinje@trellian.com,Female,118.4.80.70
700,Yolanthe,Pomroy,ypomroyjf@squarespace.com,Female,229.77.175.194
701,Demetra,Schoffler,dschofflerjg@opera.com,Female,241.87.92.199
702,Padraig,Pickburn,ppickburnjh@zdnet.com,Male,156.148.104.221
703,Marcel,Forth,mforthji@wordpress.org,Male,253.88.164.92
704,Findlay,Wickenden,fwickendenjj@geocities.jp,Male,202.42.85.97
705,Rivy,Pellingar,rpellingarjk@de.vu,Female,177.110.27.128
706,Lari,Koche,lkochejl@nyu.edu,Female,153.34.62.186
707,Stephanie,Fedoronko,sfedoronkojm@youtube.com,Female,102.83.112.65
708,Toiboid,Dashkov,tdashkovjn@behance.net,Male,147.52.255.87
709,Leola,Paolo,lpaolojo@google.pl,Female,37.127.203.84
710,Forrester,Swalteridge,fswalteridgejp@abc.net.au,Male,161.138.221.93
711,Dare,Cavan,dcavanjq@ucla.edu,Male,1.5.91.59
712,Pauly,Bessey,pbesseyjr@sciencedaily.com,Female,173.52.68.199
713,Gothart,Muckle,gmucklejs@is.gd,Male,214.184.117.83
714,Steffane,Cullagh,scullaghjt@bigcartel.com,Female,75.25.128.152
715,Flossi,Norfolk,fnorfolkju@freewebs.com,Female,69.68.238.96
716,Sande,Liddiatt,sliddiattjv@bloglines.com,Female,175.81.206.110
717,Braden,Fasey,bfaseyjw@stanford.edu,Male,10.195.155.31
718,Enrika,Seedman,eseedmanjx@foxnews.com,Female,233.152.75.240
719,Dania,Eneas,deneasjy@sakura.ne.jp,Female,34.19.192.195
720,Tabbatha,Arnaut,tarnautjz@alibaba.com,Female,50.68.212.45
721,Deonne,Orbon,dorbonk0@goodreads.com,Female,26.246.219.120
722,Hillyer,Siddons,hsiddonsk1@umn.edu,Male,220.187.141.176
723,Aguie,Corzon,acorzonk2@prlog.org,Male,2.140.105.35
724,Alisha,Elbourne,aelbournek3@arizona.edu,Female,176.178.206.207
725,Olly,Lorriman,olorrimank4@nifty.com,Female,44.132.81.243
726,Marja,Campany,mcampanyk5@google.fr,Female,14.184.234.231
727,Jelene,Tripcony,jtripconyk6@theguardian.com,Female,8.233.134.102
728,Abie,Getty,agettyk7@hugedomains.com,Male,64.192.234.36
729,Gaelan,Styan,gstyank8@nps.gov,Male,25.185.250.173
730,Barris,Knolles-Green,bknollesgreenk9@blogs.com,Male,239.247.246.17
731,Alfredo,Alliberton,aallibertonka@storify.com,Male,147.242.220.232
732,Sheena,Espino,sespinokb@ask.com,Female,88.45.253.4
733,Dorian,James,djameskc@is.gd,Male,109.218.179.145
734,Read,Muzzullo,rmuzzullokd@nytimes.com,Male,22.205.67.140
735,Ira,Polkinghorne,ipolkinghorneke@guardian.co.uk,Male,232.197.148.187
736,Sharity,Storrar,sstorrarkf@constantcontact.com,Female,187.175.0.11
737,Jillian,Brettel,jbrettelkg@networksolutions.com,Female,254.125.92.47
738,Brice,Del Dello,bdeldellokh@dailymail.co.uk,Male,196.82.220.121
739,Giselbert,Crat,gcratki@businesswire.com,Male,249.132.235.135
740,Bradney,Roskilly,broskillykj@google.co.uk,Male,95.92.11.142
741,Roy,Bea,rbeakk@hexun.com,Male,196.185.246.168
742,Archambault,Fontanet,afontanetkl@bing.com,Male,85.74.231.166
743,Lombard,Francioli,lfranciolikm@mapquest.com,Male,227.133.33.214
744,Carlota,Lotherington,clotheringtonkn@jimdo.com,Female,201.98.187.231
745,Delores,Quartermaine,dquartermaineko@wufoo.com,Female,36.219.35.209
746,Ynez,Kunath,ykunathkp@imageshack.us,Female,149.137.234.173
747,Rea,Pycock,rpycockkq@google.com.br,Female,221.128.2.149
748,Eziechiele,Vickors,evickorskr@springer.com,Male,11.31.207.141
749,Alejandro,Quare,aquareks@army.mil,Male,9.245.211.218
750,Ware,McGeorge,wmcgeorgekt@un.org,Male,240.185.115.102
751,Pierson,Huckel,phuckelku@tmall.com,Male,0.5.116.150
752,Ethelind,Farington,efaringtonkv@scribd.com,Female,26.241.65.150
753,Anson,Height,aheightkw@printfriendly.com,Male,29.162.7.125
754,Barty,Crummay,bcrummaykx@latimes.com,Male,2.214.168.47
755,Nikos,Brent,nbrentky@miibeian.gov.cn,Male,55.170.181.21
756,Rosella,Lowes,rloweskz@bravesites.com,Female,105.78.51.166
757,Phyllida,Spriddle,pspriddlel0@hugedomains.com,Female,58.66.45.221
758,Frannie,Astill,fastilll1@360.cn,Male,80.147.122.75
759,Conni,Kryska,ckryskal2@shop-pro.jp,Female,18.130.2.24
760,Conchita,Russell,crusselll3@tuttocitta.it,Female,149.207.214.14
761,Karlyn,Keniwell,kkeniwelll4@soup.io,Female,175.249.169.90
762,Ernestus,Dullaghan,edullaghanl5@drupal.org,Male,81.123.149.214
763,Andres,Tabary,atabaryl6@ucla.edu,Male,202.1.145.164
764,Carley,Leggott,cleggottl7@linkedin.com,Female,53.41.98.42
765,Michelina,Beal,mbeall8@cloudflare.com,Female,69.28.232.136
766,Midge,Daal,mdaall9@wikipedia.org,Female,192.100.104.7
767,Ettie,Badcock,ebadcockla@about.me,Female,176.209.132.180
768,Tammie,Hourihane,thourihanelb@huffingtonpost.com,Female,181.10.62.78
769,Malissa,Gaddie,mgaddielc@deviantart.com,Female,226.189.74.150
770,Atlante,Shewon,ashewonld@chron.com,Female,234.9.129.158
771,Haze,Sloy,hsloyle@hhs.gov,Male,103.169.130.232
772,Avictor,Ashfield,aashfieldlf@tmall.com,Male,86.0.118.25
773,Ruben,Gransden,rgransdenlg@yandex.ru,Male,71.56.111.160
774,Clement,Baggallay,cbaggallaylh@engadget.com,Male,21.77.159.150
775,Nathanael,Trice,ntriceli@networksolutions.com,Male,72.251.52.36
776,Gabbie,Barok,gbaroklj@1688.com,Male,41.80.114.164
777,Hasheem,Ginger,hgingerlk@oracle.com,Male,61.53.135.102
778,Yolande,Selburn,yselburnll@msn.com,Female,241.139.49.166
779,Daniele,Daber,ddaberlm@bing.com,Female,147.23.86.230
780,Milzie,Mathivet,mmathivetln@comsenz.com,Female,233.242.135.137
781,Arabela,Filipiak,afilipiaklo@fda.gov,Female,56.42.84.220
782,Odele,Pay,opaylp@ocn.ne.jp,Female,120.248.66.164
783,Josselyn,Lindegard,jlindegardlq@123-reg.co.uk,Female,113.94.213.131
784,Hamid,Matteuzzi,hmatteuzzilr@google.co.uk,Male,60.12.88.145
785,Vance,Aspall,vaspallls@instagram.com,Male,37.97.150.86
786,Nollie,Daton,ndatonlt@latimes.com,Male,119.54.211.87
787,Patty,Grzelczyk,pgrzelczyklu@bluehost.com,Male,65.106.128.168
788,Maris,Gosnall,mgosnalllv@slideshare.net,Female,112.161.28.89
789,Teresina,Falconer-Taylor,tfalconertaylorlw@t.co,Female,191.49.63.105
790,Urson,Gini,uginilx@wordpress.org,Male,166.133.84.165
791,Marco,Andrivot,mandrivotly@sohu.com,Male,115.191.134.47
792,Willdon,Bleas,wbleaslz@jalbum.net,Male,44.254.128.18
793,Elsie,Berthomier,eberthomierm0@sbwire.com,Female,164.41.93.164
794,Suzi,Becerra,sbecerram1@blogs.com,Female,169.64.248.38
795,Mavis,Osichev,mosichevm2@mapy.cz,Female,173.20.24.72
796,Nicolina,Dillaway,ndillawaym3@storify.com,Female,126.254.81.109
797,Natty,Manus,nmanusm4@bbc.co.uk,Male,223.159.116.11
798,Gunilla,Lenin,gleninm5@bandcamp.com,Female,139.186.32.252
799,Cristen,Beceril,cbecerilm6@state.tx.us,Female,60.54.55.232
800,Cull,Rihanek,crihanekm7@scientificamerican.com,Male,98.243.47.137
801,Benny,Rowledge,browledgem8@washingtonpost.com,Male,170.103.35.82
802,Richy,Brambley,rbrambleym9@yellowpages.com,Male,78.12.84.112
803,Vally,Wagerfield,vwagerfieldma@google.com.br,Female,105.72.115.235
804,Bailey,Cajkler,bcajklermb@cnet.com,Male,65.46.108.146
805,Mead,Keats,mkeatsmc@cmu.edu,Female,150.217.75.209
806,Corissa,Ledward,cledwardmd@surveymonkey.com,Female,69.231.108.127
807,Wiatt,Finlan,wfinlanme@nifty.com,Male,116.179.231.243
808,Rafaellle,Cayette,rcayettemf@jiathis.com,Male,239.232.3.103
809,Goldy,Germain,ggermainmg@blog.com,Female,100.160.146.184
810,Blythe,Ruddin,bruddinmh@example.com,Female,106.225.221.40
811,Desmund,Blencoe,dblencoemi@umich.edu,Male,127.32.20.239
812,Otha,Carlett,ocarlettmj@wunderground.com,Female,8.20.101.223
813,Lilas,Strettle,lstrettlemk@loc.gov,Female,80.122.0.180
814,Sandor,Pane,spaneml@businessweek.com,Male,90.197.211.85
815,Abbie,Aizkovitch,aaizkovitchmm@quantcast.com,Female,130.59.169.82
816,Osmond,Samet,osametmn@vk.com,Male,32.123.230.169
817,Quentin,Toplis,qtoplismo@squarespace.com,Male,249.89.135.191
818,Andria,Mackro,amackromp@imdb.com,Female,60.170.30.242
819,Pauly,Lorne,plornemq@discuz.net,Male,80.27.7.56
820,Shalom,Soeiro,ssoeiromr@ox.ac.uk,Male,49.129.205.194
821,Vivi,Duffrie,vduffriems@ehow.com,Female,225.93.3.183
822,Garvy,Shatliff,gshatliffmt@utexas.edu,Male,248.63.138.242
823,Valma,Larchiere,vlarchieremu@multiply.com,Female,131.77.41.92
824,Seamus,MacIan,smacianmv@xinhuanet.com,Male,160.206.161.238
825,Basilius,Loxdale,bloxdalemw@eventbrite.com,Male,159.144.107.202
826,Opal,Hierro,ohierromx@tumblr.com,Female,42.51.197.86
827,Cameron,Charles,ccharlesmy@wix.com,Male,201.128.119.113
828,Glenden,Attwooll,gattwoollmz@dailymotion.com,Male,252.196.199.130
829,Lennie,McArthur,lmcarthurn0@sciencedirect.com,Male,219.111.201.86
830,Rory,O'Kinedy,rokinedyn1@nhs.uk,Male,27.81.225.49
831,Jacquelyn,Lapsley,jlapsleyn2@hao123.com,Female,183.78.140.122
832,Taber,Giordano,tgiordanon3@surveymonkey.com,Male,72.251.249.194
833,Paulina,Padson,ppadsonn4@samsung.com,Female,39.137.49.198
834,Inglebert,McNiff,imcniffn5@spiegel.de,Male,65.166.18.59
835,Lyn,Colecrough,lcolecroughn6@narod.ru,Female,161.183.64.59
836,Min,Luebbert,mluebbertn7@de.vu,Female,58.133.138.196
837,Noll,O'Howbane,nohowbanen8@ft.com,Male,243.149.176.29
838,Cele,Kindread,ckindreadn9@weibo.com,Female,81.29.255.131
839,Salim,Ranyard,sranyardna@ed.gov,Male,83.124.89.107
840,Aymer,Murra,amurranb@amazonaws.com,Male,121.196.123.41
841,Barde,Garfit,bgarfitnc@nsw.gov.au,Male,80.173.54.76
842,Sherye,Wellstood,swellstoodnd@prweb.com,Female,219.115.139.72
843,Gabbie,Kerner,gkernerne@omniture.com,Female,49.116.51.24
844,Aubrie,Tipens,atipensnf@mtv.com,Female,72.25.214.164
845,Reggis,Abrahams,rabrahamsng@vinaora.com,Male,163.200.246.22
846,Lela,Hefforde,lheffordenh@spotify.com,Female,20.130.225.23
847,Crin,Jollie,cjollieni@biblegateway.com,Female,240.108.5.190
848,Celesta,MacCurtain,cmaccurtainnj@blogtalkradio.com,Female,44.242.61.183
849,Chryste,Sloam,csloamnk@flavors.me,Female,162.9.74.0
850,Hussein,Batters,hbattersnl@abc.net.au,Male,97.133.249.219
851,Nataniel,Koppe,nkoppenm@imageshack.us,Male,251.123.160.156
852,Faina,MacWilliam,fmacwilliamnn@feedburner.com,Female,135.70.123.193
853,Priscella,Dingley,pdingleyno@twitter.com,Female,171.171.135.137
854,Hasheem,Spraberry,hspraberrynp@pinterest.com,Male,239.125.236.68
855,Edeline,Joiris,ejoirisnq@reuters.com,Female,89.218.220.198
856,Robbie,Aspin,raspinnr@posterous.com,Male,207.122.241.142
857,Wallie,Baldrick,wbaldrickns@youtu.be,Female,200.91.5.253
858,Deana,Powner,dpownernt@umn.edu,Female,76.250.157.33
859,Tatiania,Hartopp,thartoppnu@about.com,Female,85.94.39.68
860,Brenna,Doughartie,bdoughartienv@cbslocal.com,Female,215.118.255.254
861,Lory,Crone,lcronenw@desdev.cn,Female,36.208.82.152
862,Chan,Smellie,csmellienx@istockphoto.com,Male,177.179.129.89
863,Mikey,Kenwin,mkenwinny@networkadvertising.org,Male,184.233.3.153
864,Yancey,Romanini,yromanininz@desdev.cn,Male,81.224.130.193
865,Algernon,Cottier,acottiero0@hatena.ne.jp,Male,75.206.0.123
866,Jori,Popham,jpophamo1@vistaprint.com,Female,59.8.10.189
867,D'arcy,Mufford,dmuffordo2@theguardian.com,Male,230.254.54.121
868,Billye,Braithwaite,bbraithwaiteo3@blogger.com,Female,254.203.143.145
869,Fionna,Placido,fplacidoo4@mayoclinic.com,Female,235.92.33.117
870,Rachel,Dungey,rdungeyo5@sfgate.com,Female,198.63.109.96
871,Teodora,Jeffree,tjeffreeo6@usgs.gov,Female,50.71.190.88
872,Ferdinand,Osband,fosbando7@nifty.com,Male,28.138.166.163
873,Garrett,Godthaab,ggodthaabo8@mapy.cz,Male,218.195.84.233
874,Faunie,Lamasna,flamasnao9@storify.com,Female,92.218.36.107
875,Ede,Zannuto,ezannutooa@wordpress.org,Female,110.252.245.223
876,Hal,Hynes,hhynesob@webs.com,Male,242.150.245.113
877,Bob,Treslove,btresloveoc@arizona.edu,Male,121.199.192.148
878,Phoebe,Braidon,pbraidonod@chicagotribune.com,Female,93.56.176.152
879,Herc,Neale,hnealeoe@google.com,Male,117.134.214.240
880,Perla,Thistleton,pthistletonof@engadget.com,Female,25.65.6.172
881,Addie,McKeveney,amckeveneyog@nyu.edu,Female,219.19.224.208
882,Arel,MacFadyen,amacfadyenoh@cornell.edu,Male,86.14.47.150
883,Kelcey,Rawstron,krawstronoi@earthlink.net,Female,93.117.203.186
884,Nollie,Mourton,nmourtonoj@mail.ru,Female,201.95.197.96
885,Sullivan,Haggus,shaggusok@state.tx.us,Male,110.6.32.52
886,Patsy,Eason,peasonol@craigslist.org,Male,169.209.16.251
887,Ellary,Macknish,emacknishom@bbb.org,Male,147.87.171.49
888,Elden,Petrenko,epetrenkoon@joomla.org,Male,200.128.7.159
889,Marietta,Pope,mpopeoo@discuz.net,Male,40.34.62.70
890,Traver,Stollenbeck,tstollenbeckop@elpais.com,Male,159.34.171.3
891,Felicdad,Gately,fgatelyoq@ftc.gov,Female,30.103.43.144
892,Cheston,Siddeley,csiddeleyor@vistaprint.com,Male,4.103.64.87
893,Olivier,Duligall,oduligallos@delicious.com,Male,182.29.229.171
894,Ermin,Potter,epotterot@dmoz.org,Male,70.51.174.68
895,Augustus,Mogridge,amogridgeou@addtoany.com,Male,96.19.176.46
896,Jacquenette,Fortie,jfortieov@army.mil,Female,87.88.175.89
897,Tami,Erdes,terdesow@japanpost.jp,Female,88.10.65.141
898,Bartolomeo,Whetnall,bwhetnallox@ovh.net,Male,40.24.241.36
899,Bethena,Crankshaw,bcrankshawoy@army.mil,Female,66.216.55.172
900,Wenda,Auchterlonie,wauchterlonieoz@un.org,Female,247.255.91.115
901,Fran,Wholesworth,fwholesworthp0@symantec.com,Female,109.190.186.161
902,Rosanne,Digwood,rdigwoodp1@usda.gov,Female,187.83.238.105
903,Audie,Monelle,amonellep2@nymag.com,Female,179.29.101.128
904,Ardath,Duckfield,aduckfieldp3@youtu.be,Female,169.178.44.6
905,Arvin,McGinly,amcginlyp4@fema.gov,Male,48.228.254.156
906,Lexis,Haslewood,lhaslewoodp5@cloudflare.com,Female,237.219.36.82
907,Korry,Babber,kbabberp6@ftc.gov,Female,180.21.107.7
908,Chadwick,Zanitti,czanittip7@berkeley.edu,Male,2.27.110.147
909,Pooh,Arro,parrop8@slate.com,Female,67.97.66.123
910,Davon,Stichel,dstichelp9@aol.com,Male,163.166.213.71
911,Leif,Bellord,lbellordpa@shinystat.com,Male,254.235.18.160
912,Obidiah,Clyant,oclyantpb@nytimes.com,Male,218.216.25.2
913,Jules,MacGrath,jmacgrathpc@instagram.com,Male,212.77.33.146
914,Harlen,Cleynaert,hcleynaertpd@mtv.com,Male,246.215.24.218
915,Costanza,Quinney,cquinneype@purevolume.com,Female,183.178.21.212
916,Jeffry,Sheward,jshewardpf@yellowbook.com,Male,214.211.244.205
917,Valdemar,Sylvaine,vsylvainepg@altervista.org,Male,209.145.183.214
918,Bartholomew,Betjeman,bbetjemanph@themeforest.net,Male,101.95.122.72
919,Alix,Crinage,acrinagepi@pen.io,Male,211.190.127.170
920,Spencer,Greguoli,sgreguolipj@bigcartel.com,Male,231.209.240.95
921,Thaine,Begwell,tbegwellpk@facebook.com,Male,147.160.18.49
922,Genvieve,Lattimer,glattimerpl@usda.gov,Female,159.234.37.164
923,Prinz,Winthrop,pwinthroppm@nymag.com,Male,228.90.154.145
924,Marjie,Fice,mficepn@drupal.org,Female,47.37.215.84
925,Kaylee,Iannetti,kiannettipo@globo.com,Female,184.103.21.238
926,Jefferey,Oglevie,jogleviepp@howstuffworks.com,Male,135.222.207.23
927,Minda,Paolicchi,mpaolicchipq@pbs.org,Female,12.5.157.169
928,Sonni,Pedroli,spedrolipr@opensource.org,Female,223.207.107.58
929,Donnie,Easman,deasmanps@cdc.gov,Male,178.62.65.159
930,Stacee,Lelievre,slelievrept@g.co,Female,119.223.171.59
931,Elvera,Rawcliff,erawcliffpu@cisco.com,Female,119.137.6.18
932,Bengt,Moxom,bmoxompv@upenn.edu,Male,46.6.216.176
933,Ronald,Petrenko,rpetrenkopw@gizmodo.com,Male,113.28.247.112
934,Paige,Bangham,pbanghampx@bigcartel.com,Female,174.56.194.65
935,Vite,Coverdale,vcoverdalepy@sourceforge.net,Male,49.180.9.63
936,Miltie,Arnow,marnowpz@mapy.cz,Male,10.7.7.124
937,Ernst,Beckinsall,ebeckinsallq0@ehow.com,Male,105.100.185.165
938,Zolly,Scarr,zscarrq1@bloglines.com,Male,106.208.46.47
939,Garrek,Kubik,gkubikq2@indiegogo.com,Male,246.131.239.183
940,Ignaz,Bowdon,ibowdonq3@webeden.co.uk,Male,133.62.159.34
941,Nil,Burnard,nburnardq4@usda.gov,Male,146.134.57.187
942,Brandice,Josefowicz,bjosefowiczq5@epa.gov,Female,171.126.93.18
943,Phelia,Nemchinov,pnemchinovq6@unicef.org,Female,30.64.205.122
944,Algernon,Dunsford,adunsfordq7@wunderground.com,Male,230.136.199.154
945,Reade,Speller,rspellerq8@npr.org,Male,243.205.80.178
946,Francesco,Giovannacci,fgiovannacciq9@diigo.com,Male,231.0.32.72
947,Hendrik,Timperley,htimperleyqa@rakuten.co.jp,Male,18.101.188.170
948,Annemarie,Spurgin,aspurginqb@bing.com,Female,204.32.99.232
949,Greta,Yesinin,gyesininqc@va.gov,Female,141.119.80.81
950,Tobias,Beames,tbeamesqd@home.pl,Male,141.59.108.218
951,Brooke,O'Grady,bogradyqe@csmonitor.com,Female,225.147.251.64
952,Harland,Daldan,hdaldanqf@google.it,Male,234.235.93.118
953,Peter,Hugueville,phuguevilleqg@marketwatch.com,Male,176.27.3.195
954,Myrtice,Pimblett,mpimblettqh@shutterfly.com,Female,189.140.231.244
955,Evangeline,Murgatroyd,emurgatroydqi@e-recht24.de,Female,226.239.166.187
956,Alaster,Ends,aendsqj@chronoengine.com,Male,52.214.231.111
957,Dinny,Falcus,dfalcusqk@wikimedia.org,Female,228.214.181.62
958,Isac,Buxcey,ibuxceyql@guardian.co.uk,Male,144.67.55.192
959,Roberto,Pheby,rphebyqm@jalbum.net,Male,132.83.107.43
960,Mallissa,Saint,msaintqn@globo.com,Female,40.49.228.191
961,Tomaso,Matignon,tmatignonqo@statcounter.com,Male,241.188.200.17
962,Agata,Romei,aromeiqp@amazon.co.jp,Female,205.113.180.182
963,Tabbie,McCartan,tmccartanqq@t.co,Male,35.214.224.66
964,Val,Brice,vbriceqr@uol.com.br,Male,115.105.42.206
965,Peggi,Lapworth,plapworthqs@pinterest.com,Female,232.190.174.134
966,Hakeem,Gamell,hgamellqt@4shared.com,Male,177.139.15.104
967,Mychal,Khadir,mkhadirqu@hud.gov,Male,117.9.64.134
968,Elie,Royans,eroyansqv@blogspot.com,Female,141.159.183.0
969,Erie,Illes,eillesqw@addtoany.com,Male,213.230.224.244
970,Seymour,Danilovich,sdanilovichqx@bigcartel.com,Male,31.170.229.162
971,Gilly,O'Loghlen,gologhlenqy@eepurl.com,Female,70.116.96.114
972,Fredi,Cockerell,fcockerellqz@slideshare.net,Female,205.19.127.220
973,Hunfredo,Bicksteth,hbickstethr0@photobucket.com,Male,223.190.20.4
974,Sebastien,Cuckoo,scuckoor1@senate.gov,Male,52.68.99.116
975,Teddy,Errey,terreyr2@tripod.com,Female,206.48.105.55
976,Jean,Pellant,jpellantr3@thetimes.co.uk,Female,106.131.158.237
977,Avrom,Yves,ayvesr4@deliciousdays.com,Male,199.74.18.99
978,Dag,Tippett,dtippettr5@chicagotribune.com,Male,69.61.123.254
979,Liva,Farrant,lfarrantr6@patch.com,Female,25.117.76.123
980,Sherman,Lux,sluxr7@phoca.cz,Male,163.185.168.86
981,Amery,Kinnoch,akinnochr8@who.int,Male,103.111.60.128
982,Richard,Gyngyll,rgyngyllr9@myspace.com,Male,139.168.10.174
983,Miltie,de Courcy,mdecourcyra@cdbaby.com,Male,96.20.88.81
984,Dallis,Van Arsdale,dvanarsdalerb@jalbum.net,Male,77.121.45.229
985,Bess,Edson,bedsonrc@photobucket.com,Female,126.186.214.204
986,Agosto,Dodamead,adodameadrd@skyrock.com,Male,56.97.187.208
987,Janeta,Kilbey,jkilbeyre@jiathis.com,Female,92.181.57.185
988,Brana,Heiner,bheinerrf@rakuten.co.jp,Female,16.96.43.181
989,Gaven,Matuszewski,gmatuszewskirg@example.com,Male,217.12.107.64
990,Kennett,O'Tierney,kotierneyrh@businesswire.com,Male,190.106.4.11
991,Alaster,Beak,abeakri@ibm.com,Male,47.112.45.216
992,Richie,Laurant,rlaurantrj@over-blog.com,Male,241.126.21.125
993,Jory,Hagergham,jhagerghamrk@google.es,Male,254.80.129.76
994,Byrann,Chinn,bchinnrl@desdev.cn,Male,106.1.224.18
995,Mitzi,Lloyd-Williams,mlloydwilliamsrm@so-net.ne.jp,Female,120.115.111.140
996,Annnora,Jindracek,ajindracekrn@rakuten.co.jp,Female,68.167.211.174
997,Rustin,Bescoby,rbescobyro@scientificamerican.com,Male,28.93.69.164
998,Demetris,Tokell,dtokellrp@goo.ne.jp,Male,62.160.9.26
999,Clyde,McCrillis,cmccrillisrq@biblegateway.com,Male,184.203.142.206
1000,Nomi,Huffey,nhuffeyrr@aol.com,Female,117.229.161.200
